Map,Card,Stack Size,Reward,Tier,Column1
Acid Caverns,The Encroaching Darkness,8,Map (corrupted),Junk,
Acid Caverns,The Gambler,5,Divination Card,Meh,
Acid Caverns,The Inoculated,4,Seraphim's Armor,Situational,
Acid Caverns,Vile Power,5,Doomfletch,Situational,https://www.poewiki.net/wiki/Doomfletch
Academy,The Scholar,3,40x Scroll of Wisdom,Meh,
Academy,A Dab of Ink,9,Poet's Pen,Situational,https://www.poewiki.net/wiki/The_Poet%27s_Pen
Academy,Destined to Crumble,5,Body Armour iLvl 100,Situational,
Academy,The Carrion Crow,4,Life Armour,Junk,
Academy,The Academic,8,Inspired Learning,Situational,https://www.poewiki.net/wiki/Inspired_Learning
Academy,Thirst for Knowledge,5,Gluttony,Situational,https://www.poewiki.net/wiki/Gluttony
Academy,The Drunken Aristocrat,8,Divination DIstillate,Situational,https://www.poewiki.net/wiki/Divination_Distillate
Academy,The Professor,4,Putric Cloister,Situational,https://www.poewiki.net/wiki/The_Putrid_Cloister
Academy,Turn the Other Cheek,3,Pacifism (corrupted),Situational,
Academy,Checkmate,8,78x Simulacrum Splinter,Meh,
Alleyways,Home,3,Exceptional Gem 1-20% Qual,UsefulAF,https://www.poewiki.net/wiki/Support_gem#Exceptional_Support_Gems
Alleyways,Assassin's Favour,9,Dagger,Situational,https://www.poewiki.net/wiki/List_of_unique_daggers
Alleyways,The Carrion Crow,4,Life Armour,Junk,
Alleyways,The Life Thief,6,Zerphi's Heart,Situational,https://www.poewiki.net/wiki/Zerphi%27s_Heart
Alleyways,The Poet,9,Blood of Corruption (corrupted),Situational,https://www.poewiki.net/wiki/Blood_of_Corruption
Alleyways,The Blazing Fire,6,Chin Sol,Situational,https://www.poewiki.net/wiki/Chin_Sol
Alleyways,The Journalist,10,Helmet Double-Veiled Item,Meh,
Alleyways,The Saint's Treasure,10,2x Exalted Orb,UsefulAF,
Alleyways,The Side Quest,5,20x Scouting Report,UsefulAF,
Ancient City,Arrogance of the Vaal,8,Item Two Implicit (corrupted),Situational,
Ancient City,Her Mask,4,Sacrifice Fragment,Junk,
Ancient City,The Carrion Crow,4,Life Armour,Junk,
Ancient City,The Admirer,9,Atziri's Item,Situational,"https://www.poewiki.net/wiki/Atziri,_Queen_of_the_Vaal"
Ancient City,The Catalyst,3,1x Vaal Orb,Situational,
Ancient City,The Damned,6,Soul Ripper,Situational,https://www.poewiki.net/wiki/Soul_Ripper
Ancient City,The Encroaching Darkness,8,Map (corrupted),Junk,
Ancient City,The Gambler,5,Divination Card,Meh,
Ancient City,Home,3,Exceptional Gem 1-20% Qual,UsefulAF,https://www.poewiki.net/wiki/Support_gem#Exceptional_Support_Gems
Ancient City,The Tyrant,9,Merciless Weapon iLevel 100,Situational,
Arachnid Nest,The Encroaching Darkness,8,Map (corrupted),Junk,
Arachnid Nest,The Gambler,5,Divination Card,Meh,
Arachnid Nest,The Trial,7,Map T15 (corrupted),Situational,
Arachnid Nest,The Web,8,Weapon of Crafting,Situational,
Arachnid Tomb,The Web,8,Weapon of Crafting,Situational,
Arachnid Tomb,The Side Quest,5,20x Scouting Report,UsefulAF,
Arcade,Assassin's Favour,9,Dagger,Situational,https://www.poewiki.net/wiki/List_of_unique_daggers
Arcade,Her Mask,4,Sacrifice Fragment,Junk,
Arcade,The Encroaching Darkness,8,Map (corrupted),Junk,
Arcade,The Gambler,5,Divination Card,Meh,
Arcade,The Poet,9,Blood of Corruption (corrupted),Situational,https://www.poewiki.net/wiki/Blood_of_Corruption
Arcade,The Saint's Treasure,10,2x Exalted Orb,UsefulAF,
Arcade,Home,3,Exceptional Gem 1-20% Qual,UsefulAF,https://www.poewiki.net/wiki/Support_gem#Exceptional_Support_Gems
Arcade,The Carrion Crow,4,Life Armour,Junk,
Arcade,The Tyrant,9,Merrciless Weapon iLVL 100,Junk,
Armoury,Her Mask,4,Sacrifice Fragment,Junk,
Armoury,Merciless Armament,4,Merciless Two-Hand Weapon ILVL 100,Junk,
Armoury,The Encroaching Darkness,8,Map (corrupted),Junk,
Armoury,The Gambler,5,Divination Card,Meh,
Armoury,The Patient,8,The Nurse,Situational,
Armoury,The Side Quest,5,20x Scouting Report,UsefulAF,
Armoury,The Trial,7,Map T15 ( corrupted),Situational,
Armoury,The Warlord,6,6L Coronal Maul iLvl 83,Situational,
Arsenal,Abandoned Wealth,5,3x Exalted Orb,UsefulAF,
Arsenal,Dying Anguish,8,L19 Gem Alt Qual 19%,Situational,
Arsenal,Her Mask,4,Sacrifice Fragment,Junk,
Arsenal,Jack in the Box,4,Item,Situational,
Arsenal,Rats,8,Rat's Nest,Situational,https://www.poewiki.net/wiki/Rat%27s_Nest
Arsenal,The Encroaching Darkness,8,Map (corrupted),Junk,
Arsenal,The Gambler,5,Divination Card,Meh,
Arsenal,The Patient,8,The Nurse,Situational,
Arsenal,The Warlord,6,6L Coronal Maul iLvl 84,Situational,
Arsenal,Three Faces in the Dark,7,3x Chaos Orb,Situational,
Arsenal,The Carrion Crow,4,Life Armour,Junk,
Arsenal,Merciless Armament,4,Merciless Two-Hand Weapon ILVL 100,Junk,
Arsenal,The Tireless Extractor,8,10x Oil,Situational,
Ashen Wood,Her Mask,4,Sacrifice Fragment,Junk,
Ashen Wood,The Encroaching Darkness,8,Map (corrupted),Junk,
Ashen Wood,The Flora's Gift,5,5L Staff iLvl66,Situational,
Ashen Wood,The Gambler,5,Divination Card,Meh,
Ashen Wood,The Pack Leader,6,Alpha's Howl,Situational,https://www.poewiki.net/wiki/Alpha%27s_Howl
Ashen Wood,The Scarred Meadow,9,Wake of Destruction,Situational,https://www.poewiki.net/wiki/Wake_of_Destruction
Ashen Wood,Tranquility,7,Voltaxic Rift,Situational,https://www.poewiki.net/wiki/Voltaxic_Rift
Ashen Wood,The Scout,8,7x Exalted Orb,UsefulAF,
Atoll,Her Mask,4,Sacrifice Fragment,Junk,
Atoll,Lantador's Lost Love,7,Two-Stone Ring,Situational,
Atoll,The Encroaching Darkness,8,Map (corrupted),Junk,
Atoll,The Gambler,5,Divination Card,Meh,
Atoll,The Journey,3,Harbinger's Orb,Situational,
Atoll,The Spark and the Flame,2,Berek's Respite,Situational,https://www.poewiki.net/wiki/Berek%27s_Respite
Atoll,The Tinkerer's Table,5,5x Fossil,Situational,
Atoll,The Wind,7,Windripper,Situational,https://www.poewiki.net/wiki/Windripper
Atoll,The Catch,18,Fishing Rod Incubated iLvl100,Meme,https://www.poewiki.net/wiki/Fishing_Rod
Atoll,Prosperity,10,Perandus' Gold Ring,Junk,
Atoll,The Old Man,12,Fishing Rod Two-Implicit (corrupted),Meme,https://www.poewiki.net/wiki/Fishing_Rod
Bazzar,Home,3,Exceptional Gem 1-20% Qual,UsefulAF,https://www.poewiki.net/wiki/Support_gem#Exceptional_Support_Gems
Bazzar,Assassin's Favour,9,Dagger,Situational,https://www.poewiki.net/wiki/List_of_unique_daggers
Bazzar,The Carrion Crow,4,Life Armour,Junk,
Bazzar,The Poet,9,Blood of Corruption (corrupted),Situational,https://www.poewiki.net/wiki/Blood_of_Corruption
Bazzar,The Saint's Treasure,10,2x Exalted Orb,UsefulAF,
Bazzar,The Drunken Aristocrat,8,Divination DIstillate,Situational,https://www.poewiki.net/wiki/Divination_Distillate
Bazzar,The Tyrant,9,Merciless Weapon iLevel 100,Situational,
Bog,Death,4,Mon'tergul's Grasp,Situational,https://www.poewiki.net/wiki/Mon%27tregul%27s_Grasp
Bog,Her Mask,4,Sacrifice Fragment,Junk,
Bog,The Encroaching Darkness,8,Map (corrupted),Junk,
Bog,The Gambler,5,Divination Card,Meh,
Bog,The Trial,7,Map T15 (corrupted),Situational,
Bog,The Inoculated,4,Seraphim's Armor,Situational,
Bog,The Fishmonger,4,Albino Rhoa Feather(Boss),Situational,
Bone Crypt,Coveted Possession,9,5x Regal Orb,Situational,
Bone Crypt,Grave Knowledge,6,Summon Raging Spirit 20% Qual,Situational,
Bone Crypt,Her Mask,4,Sacrifice Fragment,Junk,
Bone Crypt,The Celestial Justicar,6,6L Astral Plate,UsefulAF,
Bone Crypt,The Craving,4,Unending Hunger,Situational,https://www.poewiki.net/wiki/Unending_Hunger
Bone Crypt,The Encroaching Darkness,8,Map (corrupted),Junk,
Bone Crypt,The Forsaken,7,Umbilicus Immortalis,Situational,https://www.poewiki.net/wiki/Umbilicus_Immortalis
Bone Crypt,The Gambler,5,Divination Card,Meh,
Bone Crypt,The Summoner,6,Minion Gem 20% Qual,Situational,
Bone Crypt,The Trial,7,Map T15 (corrupted),Situational,
Bone Crypt,The Wretched,6,Belt,Situational,
Bone Crypt,The Rabbit's Foot,8,10x Incursion Vial,Situational,
Burial Chambers,The Summoner,6,Minion Gem 20% Qual,Situational,
Burial Chambers,The Doctor,8,Headhunter,GodTier,https://www.poewiki.net/wiki/Headhunter
Burial Chambers,The Betrayal,9,Maligaro's Virtuosity,Situational,https://www.poewiki.net/wiki/Maligaro%27s_Virtuosity
Burial Chambers,The Incantation,4,The Whispering Ice,Situational,https://www.poewiki.net/wiki/The_Whispering_Ice
Burial Chambers,The One with All,6,Le Heup of All (corrupted),Situational,https://www.poewiki.net/wiki/Le_Heup_of_All
Burial Chambers,The Witch,8,Kiara's Determination,Situational,https://www.poewiki.net/wiki/Kiara%27s_Determination
Burial Chambers,The Brawny Battle Mage,5,Merciless Tornado Wand ILVL 100,Meh,
Cage,The Summoner,6,Minion Gem 20% Qual,Situational,
Cage,The Carrion Crow,4,Life Armour,Junk,
Cage,The Chains That Bind,11,6L Body Armor,UsefulAF,
Cage,The Warden,4,Amulet (corrupted),Junk,
Cage,The Penitent,5,Unset Ring,Situational,
Cage,The Dungeon Master,7,Belt Double-Influenced Item,Situational,
Caldera,Her Mask,4,Sacrifice Fragment,Junk,
Caldera,From Bone to Ashes,8,Ngamahu's Flame Two-Implicit (corrupted),Situational,https://www.poewiki.net/wiki/Ngamahu%27s_Flame
Caldera,The Encroaching Darkness,8,Map (corrupted),Junk,
Caldera,The Gambler,5,Divination Card,Meh,
Caldera,The King's Heart,8,Kaom's Heart,Situational,https://www.poewiki.net/wiki/Kaom%27s_Heart
Caldera,The Battle Born,5,Axe,Situational,
Canyon,Her Mask,4,Sacrifice Fragment,Junk,
Canyon,The Encroaching Darkness,8,Map (corrupted),Junk,
Canyon,The Gambler,5,Divination Card,Meh,
Canyon,The Trial,7,Map T15 (corrupted),Situational,
Canyon,The Scavenger,8,Carcass Jack,Situational,https://www.poewiki.net/wiki/Carcass_Jack
Carcass,The Encroaching Darkness,8,Map (corrupted),Junk,
Carcass,The Gambler,5,Divination Card,Meh,
Carcass,The Hunger,9,Taste of Hate,Situational,https://www.poewiki.net/wiki/Taste_of_Hate
Carcass,The Insatiable,3,The Harvest (corrupted),Situational,https://www.poewiki.net/wiki/The_Harvest
Carcass,The Oath,6,Death's Oath,Situational,https://www.poewiki.net/wiki/Death%27s_Oath
Carcass,The Surveyor,4,Map (T14),Junk,
Carcass,Vile Power,5,Doomfletch,Situational,https://www.poewiki.net/wiki/Doomfletch
Carcass,The Beast,6,Belly of the Beast,Situational,https://www.poewiki.net/wiki/Belly_of_the_Beast
Castle Ruins,Rain of Chaos,8,Chaos Orb,Situational,
Castle Ruins,The Fox,6,L20 Gem,Situational,
Castle Ruins,The Mercenary,5,Shield (corrupted,Situational,https://www.poewiki.net/wiki/List_of_unique_shields
Castle Ruins,The Road to Power,7,Runic One-Hand Weapon iLvl 100,Meh,
Castle Ruins,The Betrayal,9,Maligaro's Virtuosity,Situational,https://www.poewiki.net/wiki/Maligaro%27s_Virtuosity
Castle Ruins,The Long Watch,3,The Vigil,Situational,https://www.poewiki.net/wiki/The_Vigil
Castle Ruins,The Harvester,11,The Harvest,Situational,
Castle Ruins,The Tyrant,9,Merciless Weapon iLevel 100,Situational,
Castle Ruins,The Side Quest,5,20x Scouting Report,UsefulAF,
Cemetery,Brother's Stash,1,5x Exalted Orb,UsefulAF,
Cemetery,Cursed Words,13,Maw of Mischief,Situational,https://www.poewiki.net/wiki/Maw_of_Mischief
Cemetery,Her Mask,4,Sacrifice Fragment,Junk,
Cemetery,Struck by Lightning,3,Electrocuting Jewelry iLvl 76,Junk,
Cemetery,The Cacophony,8,3x Deafening Essence (boss drop),Situational,
Cemetery,The Encroaching Darkness,8,Map (corrupted),Junk,
Cemetery,The Gambler,5,Divination Card,Meh,
Cemetery,The One with All,6,Le Heup of All (corrupted),Situational,https://www.poewiki.net/wiki/Le_Heup_of_All
Cemetery,The Union,7,10x Gem Cutters Prism,Situational,
Cemetery,Struck by Lightning,3,Electrocuting Jewelry iLvl 76,Junk,
Cemetery,Ambitious Obsession,4,Skitterking Delirium Orb,Situational,
Cemetery,More is Never Enough,7,Gilded Scarab,Situational,
City Square,Home,3,Exceptional Gem 1-20% Qual,UsefulAF,https://www.poewiki.net/wiki/Support_gem#Exceptional_Support_Gems
City Square,Three Voices,3,3x Essence,Situational,
City Square,The Carrion Crow,4,Life Armour,Junk,
City Square,The Life Thief,6,Zerphi's Heart,Situational,https://www.poewiki.net/wiki/Zerphi%27s_Heart
City Square,The Blazing Fire,6,Chin Sol,Situational,https://www.poewiki.net/wiki/Chin_Sol
City Square,The Journalist,10,Helmet Double-Veiled Item,Meh,
Cold River,Mitts,5,Gloves,Situational,
Cold River,The Lunaris Priestess,5,Sire of Shards,Situational,https://www.poewiki.net/wiki/Sire_of_Shards
Cold River,The Sun ,7,Rise of the Phoenix,Situational,https://www.poewiki.net/wiki/Rise_of_the_Phoenix
Cold River,The Twilight Moon,6,The Twilight Temple,Situational,https://www.poewiki.net/wiki/The_Twilight_Temple
Cold River,Ambitious Obsession,4,Skitterking Delirium Orb,Situational,
Cold River,Boundless Realms,4,Map,Situational,
Cold River,Dialla's Subjugation,7,Support Gem 23% Qual (corrupted),Situational,
Cold River,More is Never Enough,7,Gilded Scarab,Situational,
Cold River,Forbidden Power,4,Balefire (corrupted) (boss drop),Situational,
Colonnade,Dying Anguish,8,L19 Gem Alt Qual 19%,Situational,
Colonnade,Jack in the Box,4,Item,Situational,
Colonnade,Merciless Armament,4,Merciless Two-Hand Weapon ILVL 100,Junk,
Colonnade,Struck By Lightning,3,Electrocuting Jewelry iLvl 76,Junk,
Colonnade,The Carrion Crow,4,Life Armour,Junk,
Colonnade,The Warlord,6,6L Coronal Maul iLvl 85,Situational,
Colonnade,The Patient,8,The Nurse,Situational,
Colonnade,Gemcutter's Promise,3,Gem 20% Qual,Situational,
Colosseum,Her Mask,4,Sacrifice Fragment,Junk,
Colosseum,The Deceiver,4,Belt of the Deceiver (corrupted),Situational,https://www.poewiki.net/wiki/Belt_of_the_Deceiver
Colosseum,The Encroaching Darkness,8,Map (corrupted),Junk,
Colosseum,The Gambler,5,Divination Card,Meh,
Colosseum,The Gladiator,5,Nightmare Bascinet,Situational,
Colosseum,The Carrion Crow,4,Life Armour,Junk,
Colosseum,The Sword King's Salute,7,Daresso's Salute,Situational,https://www.poewiki.net/wiki/Daresso%27s_Salute
Colosseum,The Visionary,6,Lioneye's Vision,Situational,https://www.poewiki.net/wiki/Lioneye%27s_Vision
Colosseum,The Last One Standing,10,Atziri's Disfavour (Boss Drop),Situational,https://www.poewiki.net/wiki/Atziri%27s_Disfavour
Colosseum,The Carrion Crow,4,Life Armour,Junk,
Colosseum,The King's Blade,5,Bloodthirsty Eternal Sword iLVL 66,Junk,
Colosseum,Unchained,4,Facebreaker Two-Implicit Corrupted,Situational,
Coral Ruins,Prosperity,10,Perandus' Gold Ring,Junk,
Coral Ruins,The Deep Ones,5,Tidebreaker,Situational,https://www.poewiki.net/wiki/Tidebreaker
Coral Ruins,Lantador's Lost Love,7,Two-Stone Ring,Situational,
Coral Ruins,The Vast,7,Song of the Sirens,Situational,
Coral Ruins,The Catch,18,Fishing Rod Incubated iLvl100,Meme,https://www.poewiki.net/wiki/Fishing_Rod
Coral Ruins,The Old Man,12,Fishing Rod Two-Implicit (corrupted),Meme,https://www.poewiki.net/wiki/Fishing_Rod
Coral Ruins,The Tyrant,9,Merciless Weapon iLevel 100,Situational,
Coral Ruins,The Journey,3,Harbinger's Orb,Situational,
Conservatory,Her Mask,4,Sacrifice Fragment,Junk,
Conservatory,The Opulent,5,Ring iLvl 100,Situational,
Conservatory,The Undaunted,5,Nemesis Item (corrupted),Situational,
Channel,Humility,9,Tabula Rasa,Situational,
Channel,The Carrion Crow,4,Life Armour,Junk,
Channel,The Scavenger,8,Carcass Jack,Situational,https://www.poewiki.net/wiki/Carcass_Jack
Channel,The Destination,9,Watcher's EYe Two-Implicit (corrupted),Situational,
Courtyard,Three Voices,3,3x Essence,Situational,
Courtyard,The Porcupine,6,6L Short Bow iLvl 49,UsefulAF,
Courtyard,Emperor's Luck,5,5x Currency,Meh,
Courtyard,Rain Tempter,9,Map T3,Junk,
Courtyard,Struck By Lightning,3,Electrocuting Jewelry iLvl 76,Junk,
Courtyard,The Carrion Crow,4,Life Armour,Junk,
Courtyard,The Stormcaller,4,Agnerod Staff,Situational,
Courtyard,Thunderous Skies,5,Storm Cloud,Situational,https://www.poewiki.net/wiki/Storm_Cloud
Courtyard,Peaceful Moments,5,Timeless Jewel,Situational,https://www.poewiki.net/wiki/Timeless_Jewel
Courtyard,The Easy Stroll,2,Map T15 8 Mods (corrupted),Situational,
Courtyard,The Fox in the Brambles,7,Bramblejack Two-Implicit (corrupted),Situational,https://www.poewiki.net/wiki/Bramblejack
Courtyard,A Mother's Parting Gift,6,Fertile Mind (corrupted),Situational,https://www.poewiki.net/wiki/Fertile_Mind
Courthouse,Three Voices,3,3x Essence,Situational,
Courthouse,The Carrion Crow,4,Life Armour,Junk,
Courthouse,The Undaunted,5,Nemesis Item (corrupted),Situational,
Coves,Prosperity,10,Perandus' Gold Ring,Junk,
Coves,The Deep Ones,5,Tidebreaker,Situational,https://www.poewiki.net/wiki/Tidebreaker
Coves,Lantador's Lost Love,7,Two-Stone Ring,Situational,
Coves,Scholar of the Seas,7,Mao Kun,Situational,https://www.poewiki.net/wiki/Mao_Kun
Coves,The Formless Sea,7,Varunastra,Situational,https://www.poewiki.net/wiki/Tidebreaker
Coves,The Rite of Elements,5,L21 Golem Gem (corrupted),Situational,
Coves,The Vast,7,Song of the Sirens,Situational,
Coves,A Stone Perfected,5,Jewel Primordial 1-2 Implicit (corrupted),Situational,
Coves,From Bone to Ashes,8,Ngamahu's Flame Two-Implicit (corrupted),Situational,https://www.poewiki.net/wiki/Ngamahu%27s_Flame
Coves,The Primordial,5,Jewel Primordial,Junk,
Coves,The Catch,18,Fishing Rod Incubated iLvl100,Meme,https://www.poewiki.net/wiki/Fishing_Rod
Coves,The Old Man,12,Fishing Rod Two-Implicit (corrupted),Meme,https://www.poewiki.net/wiki/Fishing_Rod
Coves,The Journey,3,Harbinger's Orb,Situational,
Crater,The Standoff,3,Rustic Stash,Situational,
Crimson Temple,The Blazing Fire,6,Chin Sol,Situational,https://www.poewiki.net/wiki/Chin_Sol
Crimson Temple,The Cacophony,8,3x Deafening Essence,Situational,
Crimson Temple,The Encroaching Darkness,8,Map (corrupted),Junk,
Crimson Temple,The Enlightened,6,L3 Enlighten,UsefulAF,
Crimson Temple,The Gambler,5,Divination Card,Meh,
Crimson Temple,The Journalist,10,Helmet Double-Veiled Item,Meh,
Crimson Temple,The Life Thief,6,Zerphi's Heart,Situational,https://www.poewiki.net/wiki/Zerphi%27s_Heart
Crimson Temple,The Lord of Celebration,4,Sceptre of Celebration Shaper Item,Situational,
Crimson Temple,The Opulent,5,Ring iLvl 100,Situational,
Crimson Temple,The Apothecary,5,Mageblood,GodTier,https://www.poewiki.net/wiki/Mageblood
Crimson Township,The Encroaching Darkness,8,Map (corrupted),Junk,
Crimson Township,The Gambler,5,Divination Card,Meh,
Crimson Township,Home,3,Exceptional Gem 1-20% Qual,UsefulAF,https://www.poewiki.net/wiki/Support_gem#Exceptional_Support_Gems
Crimson Township,The Carrion Crow,4,Life Armour,Junk,
Crimson Township,The Opulent,5,Ring iLvl 100,Situational,
Crimson Township,The Apothecary,5,Mageblood,GodTier,https://www.poewiki.net/wiki/Mageblood
Crimson Township,The Lord of Celebration,4,Sceptre of Celebration Shaper Item,Situational,
Crystal Ore,The Mind's Eyes,7,Astral Projector,UsefulAF,
Cursed Crypt,Grave Knowledge,6,Summon Raging Spirit 20% Qual,Situational,
Cursed Crypt,Her Mask,4,Sacrifice Fragment,Junk,
Cursed Crypt,The Celestial Justicar,6,6L Astral Plate,UsefulAF,
Cursed Crypt,The Encroaching Darkness,8,Map (corrupted),Junk,
Cursed Crypt,The Gambler,5,Divination Card,Meh,
Cursed Crypt,The Trial,7,Map T15 (corrupted),Situational,
Cursed Crypt,The Wretched,6,Belt,Situational,
Cursed Crypt,The Rabbit's Foot,8,10x Incursion Vial,Situational,
Cursed Crypt,The Forsaken,7,Umbilicus Immortalis,Situational,https://www.poewiki.net/wiki/Umbilicus_Immortalis
Dark Forest,Her Mask,4,Sacrifice Fragment,Junk,
Dark Forest,Mawr Blaidd,16,Eyes of the Great Wolf,Situational,https://www.poewiki.net/wiki/Eyes_of_the_Greatwolf
Dark Forest,The Dragon,4,Coruscating Elixer,Situational,https://www.poewiki.net/wiki/Coruscating_Elixir
Dark Forest,The Encroaching Darkness,8,Map (corrupted),Junk,
Dark Forest,The Gambler,5,Divination Card,Meh,
Dark Forest,The Wolven King's Bite,8,Rigwald's Quills,Situational,https://www.poewiki.net/wiki/Rigwald%27s_Quills
Dark Forest,The Pack Leader,6,Alpha's Howl,Situational,https://www.poewiki.net/wiki/Alpha%27s_Howl
Dark Forest,The Wolven King's Bite,8,Rigwald's Quills,Situational,https://www.poewiki.net/wiki/Rigwald%27s_Quills
Dark Forest,The Road to Power,7,Runic One-Hand Weapon iLvl 100,Meh,
Dark Forest,The Scout,8,7x Exalted Orb,UsefulAF,
Dark Forest,The Dragon,4,Coruscating Elixer,Situational,https://www.poewiki.net/wiki/Coruscating_Elixir
Dark Forest,The Demoness,5,Death's Hand,Situational,
Dark Forest,The Flora's Gift,5,5L Staff iLvl66,Situational,
Dark Forest,Call to the First Ones,5,Tier 1 Talisman (corrupted),Situational,
Defiled Cathedral,Her Mask,4,Sacrifice Fragment,Junk,
Defiled Cathedral,The Encroaching Darkness,8,Map (corrupted),Junk,
Defiled Cathedral,The Gambler,5,Divination Card,Meh,
Defiled Cathedral,The Carrion Crow,4,Life Armour,Junk,
Defiled Cathedral,The Enlightened,6,L3 Enlighten,UsefulAF,
Defiled Cathedral,The Life Thief,6,Zerphi's Heart,Situational,https://www.poewiki.net/wiki/Zerphi%27s_Heart
Defiled Cathedral,The Apothecary,5,Mageblood,GodTier,https://www.poewiki.net/wiki/Mageblood
Defiled Cathedral,The Blazing Fire,6,Chin Sol,Situational,https://www.poewiki.net/wiki/Chin_Sol
Defiled Cathedral,The Journalist,10,Helmet Double-Veiled Item,Meh,
Desert,Earth Drinker,5,Granite Flask,Situational,
Desert,Imperial Legacy,22,6L Imperial Bow iLvl 099,UsefulAF,
Desert,Baited Expectations,8,Fishing Item,Meme,
Desert,Acclimatisation,2,20x Orb of Alteration,Situational,
Desert,A Note in the Wind,4,Asenath's Chant,Situational,https://www.poewiki.net/wiki/Asenath%27s_Chant
Desert,The Tumbleweed,2,Diamond RIng of Redemption iLVL 100 Redeemer Item,Situational,
Dry Sea,A Note in the Wind,4,Asenath's Chant,Situational,https://www.poewiki.net/wiki/Asenath%27s_Chant
Dry Sea,Baited Expectations,8,Fishing Item,Meme,
Dry Sea,The Tumbleweed,2,Diamond RIng of Redemption iLVL 100 Redeemer Item,Situational,
Dry Sea,Earth Drinker,5,Granite Flask,Situational,
Dry Sea,Acclimatisation,2,20x Orb of Alteration,Situational,
Dry Sea,Imperial Legacy,22,6L Imperial Bow iLvl 100,UsefulAF,
Dry Sea,The Encroaching Darkness,8,Map (corrupted),Junk,
Dry Sea,The Gambler,5,Divination Card,Meh,
Dunes,A Note in the Wind,4,Asenath's Chant,Situational,https://www.poewiki.net/wiki/Asenath%27s_Chant
Dunes,Acclimatisation,2,20x Orb of Alteration,Situational,
Dunes,Baited Expectations,8,Fishing Item,Meme,
Dunes,Earth Drinker,5,Granite Flask,Situational,
Dunes,Her Mask,4,Sacrifice Fragment,Junk,
Dunes,Imperial Legacy,22,6L Imperial Bow iLvl 100,UsefulAF,
Dunes,The Encroaching Darkness,8,Map (corrupted),Junk,
Dunes,The Gambler,5,Divination Card,Meh,
Dunes,The Trial,7,Map T15 (corrupted),Situational,
Dunes,The Tumbleweed,2,Diamond RIng of Redemption iLVL 100 Redeemer Item,Situational,
Dungeon,Her Mask,4,Sacrifice Fragment,Junk,
Dungeon,The Chains That Bind,11,6L Body Armor,UsefulAF,
Dungeon,The Encroaching Darkness,8,Map (corrupted),Junk,
Dungeon,The Gambler,5,Divination Card,Meh,
Dungeon,The Warden,4,Amulet (corrupted),Junk,
Dungeon,The Penitent,5,Unset Ring,Situational,
Dungeon,The Dungeon Master,7,Belt Double-Influenced Item,Situational,
Estuary,Her Mask,4,Sacrifice Fragment,Junk,
Estuary,Prosperity,10,Perandus' Gold Ring,Junk,
Estuary,The Encroaching Darkness,8,Map (corrupted),Junk,
Estuary,The Gambler,5,Divination Card,Meh,
Estuary,Lantador's Lost Love,7,Two-Stone Ring,Situational,
Estuary,From Bone to Ashes,8,Ngamahu's Flame Two-Implicit (corrupted),Situational,https://www.poewiki.net/wiki/Ngamahu%27s_Flame
Estuary,The Standoff,3,Rustic Stash,Situational,
Estuary,The Catch,18,Fishing Rod Incubated iLvl100,Meme,https://www.poewiki.net/wiki/Fishing_Rod
Estuary,The Old Man,12,Fishing Rod Two-Implicit (corrupted),Meme,https://www.poewiki.net/wiki/Fishing_Rod
Estuary,The Journey,3,Harbinger's Orb,Situational,
Factory,Rats,8,Rat's Nest,Situational,https://www.poewiki.net/wiki/Rat%27s_Nest
Factory,The Carrion Crow,4,Life Armour,Junk,
Factory,Three Faces in the Dark,7,3x Chaos Orb,Situational,
Factory,Abandoned Wealth,5,3x Exalted Orb,UsefulAF,
Factory,The Tireless Extractor,8,10x Oil,Situational,
Fields,Her Mask,4,Sacrifice Fragment,Junk,
Flooded Mine,Buried Treasure,3,Sulphite Scarab,Situational,
Flooded Mine,Death,4,Mon'tregul's Grasp,Situational,https://www.poewiki.net/wiki/Mon%27tregul%27s_Grasp
Flooded Mine,Gift of the Gemling Queen,9,L20 Support Gem,Situational,
Flooded Mine,Glimmer of Hope,8,Gold Ring,Situational,
Flooded Mine,Her Mask,4,Sacrifice Fragment,Junk,
Flooded Mine,The Encroaching Darkness,8,Map (corrupted),Junk,
Flooded Mine,The Endurance,4,Vivid Crimson Jewel,Junk,
Flooded Mine,The Fathomless Depths,8,Lightpoacher,Situational,https://www.poewiki.net/wiki/Lightpoacher
Flooded Mine,The Gambler,5,Divination Card,Meh,
Flooded Mine,The Primordial,5,Jewel Primordial,Junk,
Flooded Mine,The Rite of Elements,5,L21 Golem Gem (corrupted),Situational,
Flooded Mine,The Survivalist,3,7x Orb of Alchemy,Situational,
Flooded Mine,The Wolf,5,Rigwald Item,Situational,
Flooded Mine,Time-Lost Relic,10,League-Specific Item,Situational,
Flooded Mine,Treasure Hunter,7,Vaults of Atziri (corrupted),Situational,https://www.poewiki.net/wiki/Vaults_of_Atziri
Flooded Mine,Volatile Power,9,Vaal Gem 20% Qual (corrupted),Meh,
Flooded Mine,A Stone Perfected,5,Jewel Primordial 1-2 Implicit (corrupted),Situational,
Flooded Mine,Bijoux,3,Cluster Jewel iLvl 84,Situational,
Forbidden Woods,Mawr Blaidd,16,Eyes of the Great Wolf,Situational,https://www.poewiki.net/wiki/Eyes_of_the_Greatwolf
Forbidden Woods,Mitts,5,Gloves,Situational,
Forbidden Woods,The Encroaching Darkness,8,Map (corrupted),Junk,
Forbidden Woods,The Gambler,5,Divination Card,Meh,
Forbidden Woods,Three Voices,3,3x Essence,Situational,
Forbidden Woods,The Scout,8,7x Exalted Orb,UsefulAF,
Forbidden Woods,The Pack Leader,6,Alpha's Howl,Situational,https://www.poewiki.net/wiki/Alpha%27s_Howl
Forbidden Woods,The Dragon,4,Coruscating Elixer,Situational,https://www.poewiki.net/wiki/Coruscating_Elixir
Forbidden Woods,The Demoness,5,Death's Hand,Situational,
Forbidden Woods,The Flora's Gift,5,5L Staff iLvl66,Situational,
Forbidden Woods,Call to the First Ones,5,Tier 1 Talisman (corrupted),Situational,
Forking River,Hunter's Resolve,8,Bow,Situational,
Forking River,The Carrion Crow,4,Life Armour,Junk,
Forking River,The Long Watch,3,The Vigil,Situational,https://www.poewiki.net/wiki/The_Vigil
Forking River,The Old Man,12,Fishing Rod Two-Implicit (corrupted),Meme,https://www.poewiki.net/wiki/Fishing_Rod
Forking River,Left to Fate,4,Map T16 Unidentified (corrupted),Situational,
Forking River,The Side Quest,5,20x Scouting Report,UsefulAF,
Forking River,The Encroaching Darkness,8,Map (corrupted),Junk,
Forking River,The Gambler,5,Divination Card,Meh,
Foundry,The Thaumaturgist,8,Shavronne's Revelation (corrupted),Situational,https://www.poewiki.net/wiki/Shavronne%27s_Revelation
Foundry,Further Invention,4,Helmet Double-Influenced Item iLVL 100,Situational,
Foundry,The Carrion Crow,4,Life Armour,Junk,
Foundry,The Professor,4,Putric Cloister,Situational,https://www.poewiki.net/wiki/The_Putrid_Cloister
Frozen Cabin,Humility,9,Tablua Rasa,Situational,
Frozen Cabin,Mitts,5,Gloves,Situational,
Gardens,Her Mask,4,Sacrifice Fragment,Junk,
Gardens,Peaceful Moments,5,Timeless Jewel,Situational,https://www.poewiki.net/wiki/Timeless_Jewel
Gardens,The Easy Stroll,2,Map T15 8 Mods (corrupted),Situational,
Gardens,The Encroaching Darkness,8,Map (corrupted),Junk,
Gardens,The Gambler,5,Divination Card,Meh,
Gardens,The Porcupine,6,6L Short Bow iLvl 50,UsefulAF,
Gardens,The Fox in the Brambles,7,Bramblejack Two-Implicit (corrupted),Situational,https://www.poewiki.net/wiki/Bramblejack
Gardens,Emperor's Luck,5,5x Currency,Meh,
Gardens,Rain Tempter,9,Map T4,Junk,
Gardens,A Mother's Parting GIft,6,Fertile Mind (corrupted),Situational,https://www.poewiki.net/wiki/Fertile_Mind
Ghetto,Dying Anguish,8,L19 Gem Alt Qual 19%,Situational,
Ghetto,Her Mask,4,Sacrifice Fragment,Junk,
Ghetto,Jack in the Box,4,Item,Situational,
Ghetto,The Encroaching Darkness,8,Map (corrupted),Junk,
Ghetto,The Gambler,5,Divination Card,Meh,
Ghetto,The Gentleman,4,Sword (corrupted),Situational,
Ghetto,The Saint's Treasure,10,2x Exalted Orb,UsefulAF,
Ghetto,The Carrion Crow,4,Life Armour,Junk,
Ghetto,The Tyrant,9,Merciless Weapon iLevel 100,Situational,
Grave Trough,Cursed Words,13,Maw of Mischief,Situational,https://www.poewiki.net/wiki/Maw_of_Mischief
Grave Trough,The Encroaching Darkness,8,Map (corrupted),Junk,
Grave Trough,The Gambler,5,Divination Card,Meh,
Grave Trough,The Union,7,10x Gem Cutter's Prism,Situational,
Grave Trough,The One with All,6,Le Heup of All (corrupted),Situational,https://www.poewiki.net/wiki/Le_Heup_of_All
Grave Trough,Brother's Stash,1,5x Exalted Orb,UsefulAF,
Graveyard,Three Voices,3,3x Essence,Situational,
Graveyard,Struck By Lightning,3,Electrocuting Jewelry iLvl 76,Junk,
Graveyard,The One with All,6,Le Heup of All (corrupted),Situational,https://www.poewiki.net/wiki/Le_Heup_of_All
Graveyard,The Union,7,10x Gem Cutter's Prism,Situational,
Graveyard,Brother's Stash,1,5x Exalted Orb,UsefulAF,
Graveyard,Cursed Words,13,Maw of Mischief,Situational,https://www.poewiki.net/wiki/Maw_of_Mischief
Grotto,Her Mask,4,Sacrifice Fragment,Junk,
Grotto,Hunter's Reward,3,The Taming,Situational,https://www.poewiki.net/wiki/The_Taming
Grotto,Loyalty,5,3x Orb of Fusing,Situational,
Grotto,Pride of the First Ones,7,Farrul's Fur,Situational,https://www.poewiki.net/wiki/Farrul%27s_Fur
Grotto,The Primordial,5,Jewel Primordial,Junk,
Grotto,The Rite of Elements,5,L21 Golem Gem (corrupted),Situational,
Grotto,The Watcher,12,Crown of Eyes,Situational,https://www.poewiki.net/wiki/Crown_of_Eyes
Grotto,Treasure Hunter,7,Vaults of Atziri (corrupted),Situational,https://www.poewiki.net/wiki/Vaults_of_Atziri
Grotto,A Stone Perfected,5,Jewel Primordial 1-2 Implicit (corrupted),Situational,
Grotto,A Sea of Blue,3,13x Orb of Alteration,Situational,
Grotto,The Jeweller's Boon,5,5L Body Armour Influenced Item,Situational,
Grotto,Bijoux,3,Cluster Jewel iLvl 84,Situational,
Grotto,Buried Treasure,3,Sulphite Scarab,Situational,
Grotto,Gift of the gemling Queen,9,L20 Support Gem,Situational,
Grotto,The Endurance,4,Vivid Crimson Jewel,Junk,
Grotto,The Wolf,5,Rigwald Item,Situational,
Grotto,Time-Lost Relic,10,League-Specific Item,Situational,
Grotto,Volatile Power,9,Vaal Gem 20%Qual (Corrupted),Meh,
Grotto,The Shepherd's Sandals,3,Boots iLVL 100 Two-Implicit (corrupted),Situational,
Haunted Mansion,The Shepherd's Sandals,4,Sacrifice Fragment,Junk,
Haunted Mansion,The Blazing Fire,6,Chin Sol,Situational,https://www.poewiki.net/wiki/Chin_Sol
Haunted Mansion,The Encroaching Darkness,8,Map (corrupted),Junk,
Haunted Mansion,The Gambler,5,Divination Card,Meh,
Haunted Mansion,The Journalist,10,Helmet Double-Veiled Item,Meh,
Haunted Mansion,The Opulent,5,Ring iLvl 100,Situational,
Haunted Mansion,Home,3,Exceptional Gem 1-20% Qual,UsefulAF,https://www.poewiki.net/wiki/Support_gem#Exceptional_Support_Gems
Haunted Mansion,The Carrion Crow,4,Life Armour,Junk,
Haunted Mansion,The Apothecary,5,Mageblood,GodTier,https://www.poewiki.net/wiki/Mageblood
Haunted Mansion,The Lord of Celebration,4,Sceptre of Celebration Shaper Item,Situational,
Haunted Mansion,The Life Thief,6,Zerphi's Heart,Situational,https://www.poewiki.net/wiki/Zerphi%27s_Heart
Infested Valley,Struck by Lightning,3,Electrocuting Jewelry iLvl 76,Junk,
Infested Valley,The Long Watch,3,The Vigil,Situational,https://www.poewiki.net/wiki/The_Vigil
Infested Valley,Ambitious Obsession,4,Skitterking Delirium Orb,Situational,
Infested Valley,The Side Quest,5,20x Scouting Report,UsefulAF,
Infested Valley,More is Never Enough,7,Gilded Scarab,Situational,
Ivory Temple,The Enlightened,6,L3 Enlighten,UsefulAF,
Ivory Temple,The Opulent,5,Ring iLvl 100,Situational,
Ivory Temple,The Lord of Celebration,4,Sceptre of Celebration Shaper Item,Situational,
Iceberg,Mitts,5,Gloves,Situational,
Iceberg,The Long Watch,3,The Vigil,Situational,https://www.poewiki.net/wiki/The_Vigil
Iceberg,The Side Quest,5,20x Scouting Report,UsefulAF,
Laboratory,Her Mask,4,Sacrifice Fragment,Junk,
Laboratory,The Encroaching Darkness,8,Map (corrupted),Junk,
Laboratory,The Gambler,5,Divination Card,Meh,
Laboratory,The Opulent,5,Ring iLvl 100,Situational,
Laboratory,The Professor,4,Putric Cloister,Situational,https://www.poewiki.net/wiki/The_Putrid_Cloister
Laboratory,The Lord of Celebration,4,Sceptre of Celebration Shaper Item,Situational,
Laboratory,The Thaumaturgist,8,Shavronne's Revelation (corrupted),Situational,https://www.poewiki.net/wiki/Shavronne%27s_Revelation
Laboratory,Further Invention,4,Helmet Double-Influenced Item iLVL 100,Situational,
Laboratory,The Carrion Crow,4,Life Armour,Junk,
Lair,Her Mask,4,Sacrifice Fragment,Junk,
Lair,Loyalty,5,3x Orb of Fusing,Situational,
Lair,Pride of the FIrst Ones,7,Farrul's Fur,Situational,https://www.poewiki.net/wiki/Farrul%27s_Fur
Lair,The Encroaching Darkness,8,Map (corrupted),Junk,
Lair,The Gambler,5,Divination Card,Meh,
Lair,The Master,4,Bisco's Collar,Situational,https://www.poewiki.net/wiki/Bisco%27s_Collar
Lair,The Trial,7,Map T15 (corrupted),Situational,
Lair,The Wolf's Shadow,3,Hyaon's Fury,Situational,https://www.poewiki.net/wiki/Hyaon%27s_Fury
Lair,The Wolven King's Bite,8,Rigwald's Quills,Situational,https://www.poewiki.net/wiki/Rigwald%27s_Quills
Lair,The Pack Leader,6,Alpha's Howl,Situational,https://www.poewiki.net/wiki/Alpha%27s_Howl
Lair,Treasure Hunter,7,Vaults of Atziri (corrupted),Situational,https://www.poewiki.net/wiki/Vaults_of_Atziri
Lair,The Flora's Gift,5,5L Staff iLvl66,Situational,
Lair,Hunter's Reward,3,The Taming,Situational,https://www.poewiki.net/wiki/The_Taming
Lair,The Scout,8,7x Exalted Orb,UsefulAF,
Lair,The Shepherd's Sandals,3,Boots iLVL 100 Two-Implicit (corrupted),Situational,
Lava Lake,The Wrath,8,10x Chaos Orb,UsefulAF,
Lava Lake,From Bone to Ashes,8,Ngamahu's Flame Two-Implicit (corrupted),Situational,https://www.poewiki.net/wiki/Ngamahu%27s_Flame
Lava Lake,The Standoff,3,Rustic Stash,Situational,
Ley Line,Struck By Lightning,3,Electrocuting Jewellery iLvl76,Junk,
Ley Line,The Carrion Crow,4,Life Armour,Junk,
Lookout,The Carrion Crow,4,Life Armour,Junk,
Lookout,The Enlightened,6,L3 Enlighten,UsefulAF,
Lookout,The Life Thief,6,Zerphi's Heart,Situational,https://www.poewiki.net/wiki/Zerphi%27s_Heart
Lookout,The Blazing Fire,6,Chin Sol,Situational,https://www.poewiki.net/wiki/Chin_Sol
Lookout,The Journalist,10,Helmet Double-Veiled Item,Meh,
Malformation,The Encroaching Darkness,8,Map (corrupted),Junk,
Malformation,The Gambler,5,Divination Card,Meh,
Malformation,The Hunger,9,Taste of Hate,Situational,https://www.poewiki.net/wiki/Taste_of_Hate
Malformation,The Oath,6,Death's Oath,Situational,https://www.poewiki.net/wiki/Death%27s_Oath
Malformation,The Surveyor,4,Map (T14),Junk,
Malformation,Vinia's Token,5,10x Orb of Regret,UsefulAF,
Mausoleum,Her Mask,4,Sacrifice Fragment,Junk,
Mausoleum,Might is Right,9,Trypanon,Situational,https://www.poewiki.net/wiki/Trypanon
Mausoleum,No Traces,9,30x Orb of Scouring,UsefulAF,
Mausoleum,The Carrion Crow,4,Life Armour,Junk,
Mausoleum,The Encroaching Darkness,8,Map (corrupted),Junk,
Mausoleum,The Gambler,5,Divination Card,Meh,
Mausoleum,The Trial,7,Map T15 (corrupted),Situational,
Maze,Her Mask,4,Sacrifice Fragment,Junk,
Maze,The Admirer,9,Atziri's Item,Situational,"https://www.poewiki.net/wiki/Atziri,_Queen_of_the_Vaal"
Maze,The Catalyst,3,1x Vaal Orb,Situational,
Maze,The Encroaching Darkness,8,Map (corrupted),Junk,
Maze,The Gambler,5,Divination Card,Meh,
Maze,The Inventor,6,10x Vaal Orb,Situational,
Maze,Unrequited Love,16,19x Mirror Shard,Situational,
Maze,The Damned,6,Soul Ripper,Situational,https://www.poewiki.net/wiki/Soul_Ripper
Maze,The Hive of Knowledge,6,Machina Mitts Two-Implicit (corrupted),Situational,https://www.poewiki.net/wiki/Machina_Mitts
Mesa,The Wind,7,Windripper,Situational,https://www.poewiki.net/wiki/Windripper
Mesa,The Betrayal,9,Maligaro's Virtuosity,Situational,https://www.poewiki.net/wiki/Maligaro%27s_Virtuosity
Mineral Pools,A Sea of Blue,3,13x Orb of Alteration,Situational,
Moon Temple,Her Mask,4,Sacrifice Fragment,Junk,
Moon Temple,The Encroaching Darkness,8,Map (corrupted),Junk,
Moon Temple,The Gambler,5,Divination Card,Meh,
Moon Temple,The Trial,7,Map T15 (corrupted),Situational,
Moon Temple,The Twilight Moon,6,The Twilight Temple,Situational,https://www.poewiki.net/wiki/The_Twilight_Temple
Moon Temple,The Carrion Crow,4,Life Armour,Junk,
Moon Temple,The Lunaris Priestess,5,Sire of Shards,Situational,https://www.poewiki.net/wiki/Sire_of_Shards
Museum,A Dab of Ink,9,Poet's Pen,Situational,https://www.poewiki.net/wiki/The_Poet%27s_Pen
Museum,Blind Venture,7,Ring (corrupted),Situational,
Museum,Destined to Crumble,5,Body Armour iLvl 100,Situational,
Museum,Her Mask,4,Sacrifice Fragment,Junk,
Museum,Shard of Fate,4,Vivid Jewel,Junk,
Museum,The Academic,8,Inspired Learning,Situational,https://www.poewiki.net/wiki/Inspired_Learning
Museum,The Encroaching Darkness,8,Map (corrupted),Junk,
Museum,The Gambler,5,Divination Card,Meh,
Museum,The Polymath,3,Astramentis,Situational,https://www.poewiki.net/wiki/Astramentis
Museum,The Scholar,3,40x Scroll of Wisdom,Situational,
Museum,The Trial,7,Map T15 (corrupted),Situational,
Museum,Thirst for Knowledge,5,Gluttony,Situational,https://www.poewiki.net/wiki/Gluttony
Museum,The Professor,4,Putric Cloister,Situational,https://www.poewiki.net/wiki/The_Putrid_Cloister
Museum,Costly Curio,6,Item Double-Influenced Item,Situational,
Museum,Echoes of Love,3,Fidelitas' Spike Two-Implicit Corrupted,Situational,https://www.poewiki.net/wiki/Fidelitas%27_Spike
Museum,Turn the Other Cheek,3,Pacifism (corrupted),Situational,
Museum,Checkmate,8,78x Simulacrum Splinter,Meh,
Museum,The Soul,9,Soul Taker,Situational,
Mineral Pools,The Hoarder,12,Exalted Orb,Situational,
Mineral Pools,Glimmer of Hope,8,Gold Ring,Situational,
Mineral Pools,The Fathomless Depths,8,Lightpoacher,Situational,https://www.poewiki.net/wiki/Lightpoacher
Mineral Pools,The Survivalist,3,7x Orb of Alchemy,Situational,
Mineral Pools,The Long Watch,3,The Vigil,Situational,https://www.poewiki.net/wiki/The_Vigil
Mineral Pools,The Cache,6,Jewellery,Situational,
Mineral Pools,The Jeweller's Boon,5,5L Body Armour Influenced Item,Situational,
Mineral Pools,The Avenger,12,Mjolner (corrupted),Situational,
Mineral Pools,The Side Quest,5,20x Scouting Report,UsefulAF,
Necropolis,Grave Knowledge,6,Summon Raging Spirit 20% Qual,Situational,
Necropolis,Her Mask,4,Sacrifice Fragment,Junk,
Necropolis,The Encroaching Darkness,8,Map (corrupted),Junk,
Necropolis,The Forsaken,7,Umbilicus Immortalis,Situational,https://www.poewiki.net/wiki/Umbilicus_Immortalis
Necropolis,The Gambler,5,Divination Card,Meh,
Necropolis,The Wretched,6,Belt,Situational,
Orchard,Boon of Justice,6,Offering to the Godess,Situational,
Orchard,Emperor's Luck,5,5x Currency,Meh,
Orchard,Her Mask,4,Sacrifice Fragment,Junk,
Orchard,The Encroaching Darkness,8,Map (corrupted),Junk,
Orchard,The Gambler,5,Divination Card,Meh,
Orchard,The Porcupine,6,6L Short Bow iLvl 50,UsefulAf,
Orchard,The Trial,7,Map T15 (corrupted),Situational,
Orchard,Rain Tempter,9,Map T5,Junk,
Orchard,The Road to Power,7,Runic One-Hand Weapon iLvl 100,Meh,
Orchard,Peaceful Moments,5,Timeless Jewel,Situational,https://www.poewiki.net/wiki/Timeless_Jewel
Orchard,The Easy Stroll,2,Map T15 8 Mods (corrupted),Situational,
Orchard,The Fox in the Brambles,7,Bramblejack Two-Implicit (corrupted),Situational,https://www.poewiki.net/wiki/Bramblejack
Orchard,Brotherhood in Exile,5,One With Nothing (corrupted),Situational,https://www.poewiki.net/wiki/One_With_Nothing
Orchard,A Mother's Parting Gift,6,Fertile Mind (corrupted),Situational,https://www.poewiki.net/wiki/Fertile_Mind
Overgrown Ruin,Echoes of Love,3,Fidelitas' Spike Two-Implicit Corrupted,Situational,https://www.poewiki.net/wiki/Fidelitas%27_Spike
Overgrown Ruin,Emperor of Purity,7,6L Holy Chainmail iLvl 59,Situational,
Overgrown Ruin,Her Mask,4,Sacrifice Fragment,Junk,
Overgrown Ruin,Shard of Fate,4,Vivid Jewel,Junk,
Overgrown Ruin,The Dark Mage,6,6L Staff iLvl 55,Situational,
Overgrown Ruin,The Encroaching Darkness,8,Map (corrupted),Junk,
Overgrown Ruin,The Gambler,5,Divination Card,Meh,
Overgrown Ruin,The Garish Power,4,Jewel,Situational,
Overgrown Ruin,The Surgeon,4,Surgeon's Flask,Situational,
Overgrown Ruin,The Trial,7,Map T15 (corrupted),Situational,
Overgrown Ruin,The Artist,11,L4 Enhance (corrupted),Situational,
Overgrown Ruin,The Sigil,3,Unassailable Amulet,Situational,
Overgrown Shrine,Echoes of Love,3,Fidelitas' Spike Two-Implicit Corrupted,Situational,https://www.poewiki.net/wiki/Fidelitas%27_Spike
Overgrown Shrine,Emperor of Purity,7,6L Holy Chainmail iLvl 60,Situational,
Overgrown Shrine,Her Mask,4,Sacrifice Fragment,Junk,
Overgrown Shrine,Shard of Fate,4,Vivid Jewel,Junk,
Overgrown Shrine,The Dark Mage,6,6L Staff iLvl 56,Situational,
Overgrown Shrine,The Encroaching Darkness,8,Map (corrupted),Junk,
Overgrown Shrine,The Gambler,5,Divination Card,Meh,
Overgrown Shrine,The Garish Power,4,Jewel,Situational,
Overgrown Shrine,The Sigil,3,Unassailable Amulet,Situational,
Overgrown Shrine,The Soul,9,Soul Taker,Situational,https://www.poewiki.net/wiki/Soul_Taker
Overgrown Shrine,The Surgeon,4,Surgeon's Flask,Situational,
Overgrown Shrine,Harmony of Souls,9,9x Shrieking Essence,Situational,
Overgrown Shrine,The Artist,11,L4 Enhance (corrupted),Situational,
Peninsula,Prosperity,10,Perandus' Gold Ring,Junk,
Peninsula,The Scarred Meadow,9,Wake of Destruction,Situational,https://www.poewiki.net/wiki/Wake_of_Destruction
Peninsula,Lantador's Lost Love,7,Two-Stone Ring,Situational,
Peninsula,The Rite of Elements,5,L21 Golem Gem (corrupted),Situational,
Peninsula,Tranquility,7,Voltaxic Rift,Situational,https://www.poewiki.net/wiki/Voltaxic_Rift
Peninsula,A Stone Perfected,5,Jewel Primordial 1-2 Implicit (corrupted),Situational,
Peninsula,The Primordial,5,Jewel Primordial,Junk,
Peninsula,The Destination,9,Watcher's EYe Two-Implicit (corrupted),Situational,
Peninsula,The Catch,18,Fishing Rod Incubated iLvl100,Meme,https://www.poewiki.net/wiki/Fishing_Rod
Peninsula,The Old Man,12,Fishing Rod Two-Implicit (corrupted),Meme,https://www.poewiki.net/wiki/Fishing_Rod
Peninsula,The Journey,3,Harbinger's Orb,Situational,
Phantasmagoria,Deodre's Madness,9,Deodre Item (Boss Drop),Situational,
Phantasmagoria,The Hunger,9,Taste of Hate,Situational,https://www.poewiki.net/wiki/Taste_of_Hate
Phantasmagoria,The Oath,6,Death's Oath,Situational,https://www.poewiki.net/wiki/Death%27s_Oath
Phantasmagoria,The Surveyor,4,Map (T14),Junk,
Phantasmagoria,The Soul,9,Soul Taker,Situational,https://www.poewiki.net/wiki/Soul_Taker
Phantasmagoria,Vile Power,5,Doomfletch,Situational,https://www.poewiki.net/wiki/Doomfletch
Phantasmagoria,The Insatiable,3,The Harvest (corrupted),Situational,https://www.poewiki.net/wiki/The_Harvest
Phantasmagoria,The Beast,6,Belly of the Beast,Situational,https://www.poewiki.net/wiki/Belly_of_the_Beast
Pier,Lucky Connections,7,20x Orb of Fusings,Situational,
Pier,The Pact,9,Pledge of Hands,Situational,https://www.poewiki.net/wiki/Pledge_of_Hands
Pier,Prosperity,10,Perandus' Gold Ring,Junk,
Pier,Lantador's Lost Love,7,Two-Stone Ring,Situational,
Pier,The Carrion Crow,4,Life Armour,Junk,
Pier,The Catch,18,Fishing Rod Incubated iLvl100,Meme,https://www.poewiki.net/wiki/Fishing_Rod
Pier,The Old Man,12,Fishing Rod Two-Implicit (corrupted),Meme,https://www.poewiki.net/wiki/Fishing_Rod
Pier,The Drunken Aristocrat,8,Divination DIstillate,Situational,https://www.poewiki.net/wiki/Divination_Distillate
Pier,The Journey,3,Harbinger's Orb,Situational,
Plateau,The Spark and the Flame,2,Berek's Respite,Situational,https://www.poewiki.net/wiki/Berek%27s_Respite
Plateau,The Wind,7,Windripper,Situational,https://www.poewiki.net/wiki/Windripper
Plateau,Prosperity,10,Perandus' Gold Ring,Junk,
Plateau,Lantador's Lost Love,7,Two-Stone Ring,Situational,
Plateau,The Catch,18,Fishing Rod Incubated iLvl100,Meme,https://www.poewiki.net/wiki/Fishing_Rod
Plateau,The Old Man,12,Fishing Rod Two-Implicit (corrupted),Meme,https://www.poewiki.net/wiki/Fishing_Rod
Plateau,The Journey,3,Harbinger's Orb,Situational,
Plaza,Boon of Justice,6,Offering to the Godess,Situational,
Plaza,Brotherhood in Exile,5,One With Nothing (corrupted),Situational,https://www.poewiki.net/wiki/One_With_Nothing
Plaza,Her Mask,4,Sacrifice Fragment,Junk,
Plaza,The Encroaching Darkness,8,Map (corrupted),Junk,
Plaza,The Gambler,5,Divination Card,Meh,
Port,Assassin's Favour,9,Dagger,Situational,https://www.poewiki.net/wiki/List_of_unique_daggers
Port,Dying Anguish,8,L19 Gem Alt Qual 19%,Situational,
Port,Her Mask,4,Sacrifice Fragment,Junk,
Port,Jack in the Box,4,Item,Situational,
Port,Lantador's Lost Love,7,Two-Stone Ring,Situational,
Port,Lucky Connections,7,20x Orb of Fusing,Situational,
Port,Prosperity,10,Perandus' Gold Ring,Junk,
Port,The Encroaching Darkness,8,Map (corrupted),Junk,
Port,The Gambler,5,Divination Card,Meh,
Port,The Pact,9,Pledge of Hands,Situational,https://www.poewiki.net/wiki/Pledge_of_Hands
Port,The Saint's Treasure,10,2x Exalted Orb,UsefulAF,
Port,The Poet,9,Blood of Corruption (corrupted),Situational,https://www.poewiki.net/wiki/Blood_of_Corruption
Port,The Catch,18,Fishing Rod Incubated iLvl100,Meme,https://www.poewiki.net/wiki/Fishing_Rod
Port,The Tyrant,9,Merciless Weapon iLevel 100,Situational,
Port,The Journey,3,Harbinger's Orb,Situational,
Precinct,The Gentleman,4,Sword (corrupted),Situational,
Precinct,Dying Anguish,8,L19 Gem Alt Qual 19%,Situational,
Precinct,Jack in the Box,4,Item,Situational,
Precinct,The Carrion Crow,4,Life Armour,Junk,
Precinct,The Saint's Treasure,10,2x Exalted Orb,UsefulAF,
Precinct,The Undaunted,5,Nemesis Item (corrupted),Situational,
Precinct,The Tyrant,9,Merciless Weapon iLevel 100,Situational,
Primordial Blocks,Her Mask,4,Sacrifice Fragment,Junk,
Primordial Blocks,The Encroaching Darkness,8,Map (corrupted),Junk,
Primordial Blocks,The Gambler,5,Divination Card,Meh,
Primordial Blocks,The Long Watch,3,The Vigil,Situational,https://www.poewiki.net/wiki/The_Vigil
Primordial Blocks,A Sea of Blue,3,13x Orb of Alteration,Situational,
Primordial Blocks,The Jeweller's Boon,5,5L Body Armour Influenced Item,Situational,
Primordial Blocks,The Side Quest,5,20x Scouting Report,UsefulAF,
Primordial Pool,Her Mask,4,Sacrifice Fragment,Junk,
Primordial Pool,The Encroaching Darkness,8,Map (corrupted),Junk,
Primordial Pool,The Gambler,5,Divination Card,Meh,
Primordial Pool,The Inoculated,4,Seraphim's Armor,Situational,
Primordial Pool,The Trial,7,Map T15 (corrupted),Situational,
Primordial Pool,The Prince of Darkness,6,Elegant Hubris (boss drop),Situational,
Primordial Pool,A Modest Request,3,Megalomaniac (corrupted) (boss drop),Situational,
Promenade,Dying Anguish,8,L19 Gem Alt Qual 19%,Situational,
Promenade,Gemcutter's Promise,3,Gem 20% Qual,Situational,
Promenade,Her Mask,4,Sacrifice Fragment,Junk,
Promenade,Jack in the Box,4,Item,Situational,
Promenade,Struck by Lightning,3,Electrocuting Jewelry iLvl 76,Junk,
Promenade,The Carrion Crow,4,Life Armour,Junk,
Promenade,The Encroaching Darkness,8,Map (corrupted),Junk,
Promenade,The Gambler,5,Divination Card,Meh,
Promenade,The Patient,8,The Nurse,Situational,
Promenade,The Traitor,4,Wand (corrupted),Situational,
Promenade,The Trial,7,Map T15 (corrupted),Situational,
Promenade,The Warlord,6,6L Coronal Maul iLvl 85,Situational,
Promenade,Merciless Armament,4,Merciless Two-Hand Weapon iLVL 100,Junk,
Residence,Home,3,Exceptional Gem 1-20% Qual,UsefulAF,https://www.poewiki.net/wiki/Support_gem#Exceptional_Support_Gems
Residence,Light and Truth,2,Crystal Sceptre,Situational,
Residence,The Opulent,5,Ring iLvl100,Meh,
Residence,The Tower,6,Staff,Situational,
Residence,The Dapper Prodigy,6,6L Body Armour iLVL100,UsefulAF,
Residence,The Drunken Aristocrat,8,Divination DIstillate,Situational,https://www.poewiki.net/wiki/Divination_Distillate
Residence,The Unexpected Prize,2,Attribute Transforming Jewel (corrupted),Situational,
Residence,The Lord of Celebration,4,Sceptre of Celebration Shaper Item,Situational,
Sepulcher,The Soul,9,Soul Taker,Situational,https://www.poewiki.net/wiki/Soul_Taker
Sepulcher,Might is Right,9,Trypanon,Situational,https://www.poewiki.net/wiki/Trypanon
Sepulcher,No Traces,9,30x Orb of Scouring,UsefulAF,
Sepulcher,Harmony of Souls,9,9x Shrieking Essence,Situational,
Shore,Her Mask,4,Sacrifice Fragment,Meh,
Shore,Prosperity,10,Perandus' Gold Ring,Junk,
Shore,The Encroaching Darkness,8,Map (corrupted),Junk,
Shore,The Gambler,5,Divination Card,Meh,
Shore,The Landing,5,The Beachead T15 Map (corrupted),Situational,https://www.poewiki.net/wiki/The_Beachhead
Shore,The Trial,7,Map T15 (corrupted),Situational,
Shore,Lantador's Lost Love,7,Two-Stone Ring,Situational,
Shore,From Bone to Ashes,8,Ngamahu's Flame Two-Implicit (corrupted),Situational,https://www.poewiki.net/wiki/Ngamahu%27s_Flame
Shore,The Road to Power,7,Runic One-Hand Weapon iLvl 100,Meh,
Shore,The Destination,9,Watcher's EYe Two-Implicit (corrupted),Situational,
Shore,THe Catch,18,Fishing Rod Incubated iLvl100,Meme,https://www.poewiki.net/wiki/Fishing_Rod
Shore,The Old Man,12,Fishing Rod Two-Implicit (corrupted),Meme,https://www.poewiki.net/wiki/Fishing_Rod
Shore,The Journey,3,Harbinger's Orb,Situational,
Shrine,The Fiend,11,Headhunter (corrupted),Situational,https://www.poewiki.net/wiki/Headhunter
Shrine,The Thaumaturgist,8,Shavronne's Revelation (corrupted),Situational,https://www.poewiki.net/wiki/Shavronne%27s_Revelation
Shrine,Vinia's Token,5,10x Orb of Regret,UsefulAF,
Shrine,The Army of Blood,6,Bloodbond,Situational,https://www.poewiki.net/wiki/Bloodbond
Shrine,The Professor,4,Putric Cloister,Situational,https://www.poewiki.net/wiki/The_Putrid_Cloister
Shipyard,Prosperity,10,Perandus' Gold Ring,Junk,
Shipyard,Lantador's Lost Love,7,Two-Stone Ring,Situational,
Shipyard,Lucky Connections,7,20x Orb of Fusing,Situational,
Shipyard,Struck By Lightning,3,Electrocuting Jewelry iLvl 76,Junk,
Shipyard,The Carrion Crow,4,Life Armour,Junk,
Shipyard,The Pact,9,Pledge of Hands,Situational,https://www.poewiki.net/wiki/Pledge_of_Hands
Shipyard,The Catch,18,Fishing Rod Incubated iLvl100,Meme,https://www.poewiki.net/wiki/Fishing_Rod
Shipyard,The Old Man,12,Fishing Rod Two-Implicit (corrupted),Meme,https://www.poewiki.net/wiki/Fishing_Rod
Shipyard,The Journey,3,Harbinger's Orb,Situational,
Silo,The Encroaching Darkness,8,Map (corrupted),Junk,
Silo,The Gambler,5,Divination Card,Meh,
Silo,The Carrion Crow,4,Life Armour,Junk,
Silo,The Life Thief,6,Zerphi's Heart,Situational,https://www.poewiki.net/wiki/Zerphi%27s_Heart
Silo,The Standoff,3,Rustic Stash,Situational,
Silo,The Blazing Fire,6,Chin Sol,Situational,https://www.poewiki.net/wiki/Chin_Sol
Silo,The Journalist,10,Helmet Double-Veiled Item,Meh,
Spider Forest,The Betrayal,9,Maligaro's Virtuosity,Situational,https://www.poewiki.net/wiki/Maligaro%27s_Virtuosity
Spider Forest,The Doctor,8,Headhunter,GodTier,https://www.poewiki.net/wiki/Headhunter
Spider Forest,The Encroaching Darkness,8,Map (corrupted),Junk,
Spider Forest,The Gambler,5,Divination Card,Meh,
Spider Forest,The Incantation,4,The Whispering Ice,Situational,https://www.poewiki.net/wiki/The_Whispering_Ice
Spider Forest,The Pack Leader,6,Alpha's Howl,Situational,https://www.poewiki.net/wiki/Alpha%27s_Howl
Spider Forest,The Trial,7,Map T15 (corrupted),Situational,
Spider Forest,The Witch,8,Kiara's Determination,Situational,https://www.poewiki.net/wiki/Kiara%27s_Determination
Spider Forest,The Scout,8,7x Exalted Orb,UsefulAF,
Spider Forest,The Brawny Battle Mage,5,Merciless Tornado Wand ILVL 100,Meh,
Spider Forest,The Flora's Gift,5,5L Staff iLvl66,Situational,
Spider Forest,The Summoner,6,Minion Gem 20% Qual,Situational,
Spider Lair,The Web,8,Weapon of Crafting,Situational,
Strand,Her Mask,4,Sacrifice Fragment,Junk,
Strand,Lantador's Lost Love,7,Two-Stone Ring,Situational,
Strand,Prosperity,10,Perandus' Gold Ring,Junk,
Strand,The Betrayal,9,Maligaro's Virtuosity,Situational,https://www.poewiki.net/wiki/Maligaro%27s_Virtuosity
Strand,The Encroaching Darkness,8,Map (corrupted),Junk,
Strand,The Gambler,5,Divination Card,Meh,
Strand,The Landing,5,The Beachead T15 Map (corrupted),Situational,https://www.poewiki.net/wiki/The_Beachhead
Strand,The Old Man,12,Fishing Rod Two-Implicit (corrupted),Meme,https://www.poewiki.net/wiki/Fishing_Rod
Strand,The Stormcaller,4,Agnerod Staff,Situational,
Strand,Thunderous Skies,5,Storm Cloud,Situational,https://www.poewiki.net/wiki/Storm_Cloud
Strand,The Catch,18,Fishing Rod Incubated iLvl100,Meme,https://www.poewiki.net/wiki/Fishing_Rod
Strand,From Bone to Ashes,8,Ngamahu's Flame Two-Implicit (corrupted),Situational,https://www.poewiki.net/wiki/Ngamahu%27s_Flame
Strand,Scholar of the Seas,7,Mao Kun,Situational,https://www.poewiki.net/wiki/Mao_Kun
Strand,The Deep Ones,5,Tidebreaker,Situational,https://www.poewiki.net/wiki/Tidebreaker
Strand,The Formless Sea,7,Varunastra,Situational,https://www.poewiki.net/wiki/Tidebreaker
Strand,The Mercenary,5,Shield (corrupted),Situational,
Strand,The Journey,3,Harbinger's Orb,Situational,
Sulpher Vents,The Inoculated,4,Seraphim's Armor,Situational,
Sunken City,Home,3,Exceptional Gem 1-20% Qual,UsefulAF,https://www.poewiki.net/wiki/Support_gem#Exceptional_Support_Gems
Sunken City,The Fox,6,L20 Gem,Situational,
Sunken City,Arrogance of the Vaal,8,Item Two Implicit (corrupted),Situational,
Sunken City,The Web,8,Weapon of Crafting,Situational,
Sunken City,Ambitious Obsession,4,Skitterking Delirium Orb,Situational,
Sunken City,More is Never Enough,7,Gilded Scarab,Situational,
Temple,Boundless Realms,4,Map,Situational,
Temple,Dialla's Subjugation,7,Support Gem 23% Qual (corrupted),Situational,
Temple,Her Mask,4,Sacrifice Fragment,Junk,
Temple,The Encroaching Darkness,8,Map (corrupted),Junk,
Temple,The Enlightened,6,L3 Enlighten,UsefulAF,
Temple,The Gambler,5,Divination Card,Meh,
Temple,The Opulent,5,Ring iLvl 100,Situational,
Temple,The Sun,7,Rise of the Phoenix,Situational,https://www.poewiki.net/wiki/Rise_of_the_Phoenix
Temple,The Carrion Crow,4,Life Armour,Junk,
Temple,The Lord of Celebration,4,Sceptre of Celebration Shaper Item,Situational,
Terrace,The Porcupine,6,6L Bow iLVL 50,UsefulAF,
Terrace,Emperor's Luck,5,5x Currency,Meh,
Terrace,Rain Tempter,9,Map T6,Junk,
Terrace,The Carrion Crow,4,Life Armour,Junk,
Terrace,Peaceful Moments,5,Timeless Jewel,Situational,https://www.poewiki.net/wiki/Timeless_Jewel
Terrace,The Easy Stroll,2,Map T15 8 Mods (corrupted),Situational,
Terrace,Ambitious Obsession,4,Skittering Delrium Orb,Situational,
Terrace,The Fox in the Brambles,7,Bramblejack Two-Implicit (corrupted),Situational,
Terrace,A Mother's Parting Gift,6,Fertile Mind (corrupted),Situational,https://www.poewiki.net/wiki/Fertile_Mind
Terrace,More is Never Enough,7,Gilded Scarab,Situational,
Thicket,Her Mask,4,Sacrifice Fragment,Junk,
Thicket,The Encroaching Darkness,8,Map (corrupted),Junk,
Thicket,The Explorer,6,Map (corrupted),Situational,
Thicket,The Gambler,5,Divination Card,Meh,
Thicket,The Pack Leader,6,Alpha's Howl,Situational,https://www.poewiki.net/wiki/Alpha%27s_Howl
Thicket,The Scout,8,7x Exalted Orb,UsefulAF,
Thicket,The Flora's Gift,5,5L Staff iLvl66,Situational,
Thicket,Call to the First Ones,5,Tier 1 Talisman (corrupted),Situational,
Toxic Sewers,The Feast,5,Romira's Banquet (corrupted),Situational,
Toxic Sewers,The Throne,2,Kaom's Roots (corrupted),Situational,
Toxic Sewers,The Web,8,Weapon of Crafting,Situational,
Toxic Sewers,Vile Power,5,Doomfletch,Situational,https://www.poewiki.net/wiki/Doomfletch
Underground River,Her Mask,4,Sacrifice Fragment,Junk,
Underground River,Hunter's Reward,3,The Taming,Situational,https://www.poewiki.net/wiki/The_Taming
Underground River,The Encroaching Darkness,8,Map (corrupted),Junk,
Underground River,The Gambler,5,Divination Card,Meh,
Underground River,The Trial,7,Map T15 (corrupted),Situational,
Underground River,Treasure Hunter,7,Vaults of Atziri (corrupted),Situational,https://www.poewiki.net/wiki/Vaults_of_Atziri
Underground Sea,Glimmer of Hope,8,Gold Ring,Situational,
Underground Sea,Her Mask,4,Sacrifice Fragment,Junk,
Underground Sea,Lysah's Respite,6,Agate Amulet (corrupted),Situational,
Underground Sea,The Cache,6,Jewellery,Situational,
Underground Sea,The Cacophony,8,3x Deafening Essence,Situational,
Underground Sea,The Encroaching Darkness,8,Map (corrupted),Junk,
Underground Sea,The Gambler,5,Divination Card,Meh,
Underground Sea,The Hoarder,12,Exalted Orb,Situational,
Underground Sea,The Lover,2,Jewellery iLvl 79,Situational,
Underground Sea,The Siren,7,The Whispering Ice (corrupted),Situational,https://www.poewiki.net/wiki/The_Whispering_Ice
Underground Sea,The Survivalist,3,7x Orb of Alchemy,Situational,
Underground Sea,Treasure Hunter,7,Vaults of Atziri (corrupted),Situational,https://www.poewiki.net/wiki/Vaults_of_Atziri
Underground Sea,The Fathomless Depths,8,Lightpoacher,Situational,https://www.poewiki.net/wiki/Lightpoacher
Underground Sea,The Avenger,12,Mjolner (corrupted),Situational,
Underground Sea,Hunter's Reward,3,The Taming,Situational,https://www.poewiki.net/wiki/The_Taming
Vaal Pyramid,Her Mask,4,Sacrifice Fragment,Junk,
Vaal Pyramid,The Admirer,9,Atziri's Item,Situational,"https://www.poewiki.net/wiki/Atziri,_Queen_of_the_Vaal"
Vaal Pyramid,The Catalyst,3,1x Vaal Orb,Situational,
Vaal Pyramid,The Encroaching Darkness,8,Map (corrupted),Junk,
Vaal Pyramid,The Gambler,5,Divination Card,Meh,
Vaal Pyramid,The Hive of Knowledge,6,Machina Mitts Two-Implicit (corrupted),Situational,https://www.poewiki.net/wiki/Machina_Mitts
Vaal Pyramid,The Inventor,6,10x Vaal Orb,Situational,
Vaal Pyramid,The Trial,7,Map T15 (corrupted),Situational,
Vaal Pyramid,Three Voices,3,3x Essence,Situational,
Vaal Pyramid,Unrequited Love,16,19x Mirror Shard,Situational,
Vaal Pyramid,The Catalyst,3,1x Vaal Orb,Situational,
Vaal Pyramid,The Damned,6,Soul Ripper,Situational,https://www.poewiki.net/wiki/Soul_Ripper
Vaal Temple,The Admirer,9,Atziri's Item,Situational,"https://www.poewiki.net/wiki/Atziri,_Queen_of_the_Vaal"
Vaal Temple,The Catalyst,3,1x Vaal Orb,Situational,
Vaal Temple,The Damned,6,Soul Ripper,Situational,https://www.poewiki.net/wiki/Soul_Ripper
Vaal Temple,The Encroaching Darkness,8,Map (corrupted),Junk,
Vaal Temple,The Gambler,5,Divination Card,Meh,
Vaal Temple,The Hive of Knowledge,6,Machina Mitts Two-Implicit (corrupted),Situational,https://www.poewiki.net/wiki/Machina_Mitts
Vaal Temple,The Inventor,6,10x Vaal Orb,Situational,
Vaal Temple,Three Voices,3,3x Essence,Situational,
Vaal Temple,Unrequited Love,16,19x Mirror Shard,Situational,
Villa,Light and Truth,2,Crystal Scepter,Situational,
Villa,Stuck By Lightning,3,Electrocuting Jewellery iLVL 76,Junk,
Villa,The Carrion Crow,4,Life Armour,Junk,
Villa,The Oppulent,5,Ring ILVL 100,Situational,
Villa,The Dapper Prodigy,6,6L Body Armour ILVL 100,UsefulAF,
Villa,The Unexpected Prize,2,Attribute Transforming Jewel (corrupted),Situational,
Villa,The Lord of Celebration,4,Sceptre of Celebration (shaper item),Situational,
Volcano,The Battle Born,5,Axe,Situational,
Volcano,The King's Heart,8,Kaom's Heart,Situational,https://www.poewiki.net/wiki/Kaom%27s_Heart
Volcano,From Bone to Ashes,8,Ngamahu's Flame Two-Implicit (corrupted),Situational,https://www.poewiki.net/wiki/Ngamahu%27s_Flame
Volcano,The Mountain,6,Jewel of Potency,Junk,
Wasteland,Her Mask,4,Sacrifice Fragment,Junk,
Wasteland,The Brittle Emperor,8,Voll's Devotion (corrupted),Situational,https://www.poewiki.net/wiki/Voll%27s_Devotion
Wasteland,The Encroaching Darkness,8,Map (corrupted),Junk,
Wasteland,The Gambler,5,Divination Card,Meh,
Wasteland,The Tinkerer's Table,5,5x Fossil,Situational,
Wasteland,The Trial,7,Map T15 (corrupted),Situational,
Acton's Nightmare,The Encroaching Darkness,8,Map (corrupted),Junk,
Acton's Nightmare,The Gambler,5,Divination Card,Meh,
Acton's Nightmare,The Wilted Rose,7,L21 Aura Gem (corrupted),Situational,
Acton's Nightmare,The Wretched,6,Belt,Situational,
Altered Distant Memory,Her Mask,4,Sacrifice Fragment,Junk,
Altered Distant Memory,The Encroaching Darkness,8,Map (corrupted),Junk,
Altered Distant Memory,The Gambler,5,Divination Card,Meh,
Altered Distant Memory,The Lord of Celebration,4,Sceptre of Celebration Shaper Item,Situational,
Altered Distant Memory,The Trial,7,Map T15 (corrupted),Situational,
Augmented Distant Memory,Her Mask,4,Sacrifice Fragment,Junk,
Augmented Distant Memory,The Encroaching Darkness,8,Map (corrupted),Junk,
Augmented Distant Memory,The Gambler,5,Divination Card,Meh,
Augmented Distant Memory,The Lord of Celebration,4,Sceptre of Celebration Shaper Item,Situational,
Augmented Distant Memory,The Trial,7,Map T15 (corrupted),Situational,
Caer Blaidd Wolfpacks Den,The Cursed King,8,Rigwald's Curse,Situational,https://www.poewiki.net/wiki/Rigwald%27s_Curse
Caer Blaidd Wolfpacks Den,The Encroaching Darkness,8,Map (corrupted),Junk,
Caer Blaidd Wolfpacks Den,The Gambler,5,Divination Card,Meh,
Caer Blaidd Wolfpacks Den,The Trial,7,Map T15 (corrupted),Situational,
Cortex,Her Mask,4,Sacrifice Fragment,Junk,
Cortex,The Encroaching Darkness,8,Map (corrupted),Junk,
Cortex,The Gambler,5,Divination Card,Meh,
Cortex,The Lord of Celebration,4,Sceptre of Celebration Shaper Item,Situational,
Cortex,The Trial,7,Map T15 (corrupted),Situational,
Death and Taxes,The Encroaching Darkness,8,Map (corrupted),Junk,
Death and Taxes,The Gambler,5,Divination Card,Meh,
Doryani's Mechinarium,Her Mask,4,Sacrifice Fragment,Junk,
Hall of Grandmasters,Her Mask,4,Sacrifice Fragment,Junk,
Hall of Grandmasters,The Encroaching Darkness,8,Map (corrupted),Junk,
Hall of Grandmasters,The Gambler,5,Divination Card,Meh,
Hall of Grandmasters,The Immortal,10,House of Mirrors,Situational,https://www.poewiki.net/wiki/House_of_Mirrors
Hallowed Ground,Her Mask,4,Sacrifice Fragment,Junk,
Hallowed Ground,The Encroaching Darkness,8,Map (corrupted),Junk,
Hallowed Ground,The Gambler,5,Divination Card,Meh,
Oba's Cursed Trove,The Encroaching Darkness,8,Map (corrupted),Junk,
Oba's Cursed Trove,The Gambler,5,Divination Card,Meh,
Olmec's Sanctum,Grave Knowledge,6,Summon Raging Spirit 20% Qual,Situational,
Olmec's Sanctum,Her Mask,4,Sacrifice Fragment,Junk,
Olmec's Sanctum,The Encroaching Darkness,8,Map (corrupted),Junk,
Olmec's Sanctum,The Forsaken,7,Umbilicus Immortalis,Situational,https://www.poewiki.net/wiki/Umbilicus_Immortalis
Olmec's Sanctum,The Gambler,5,Divination Card,Meh,
Pillars of Arun/Replica,Imperial Legacy,22,6L Imperial Bow iLvl 100,UsefulAF,
Pillars of Arun/Replica,The Encroaching Darkness,8,Map (corrupted),Junk,
Pillars of Arun/Replica,The Gambler,5,Divination Card,Meh,
Poorjoy's Asylum/Replica,Chaotic Disposition,1,5x Chaos Orb,Situational,
Poorjoy's Asylum/Replica,Deadly Joy,,Torrent's Reclamation Two-Implicit (corrupted),Situational,https://www.poewiki.net/wiki/The_Torrent%27s_Reclamation
Poorjoy's Asylum/Replica,Her Mask,4,Sacrifice Fragment,Junk,
Poorjoy's Asylum/Replica,The Army of Blood,6,Bloodbond,Situational,https://www.poewiki.net/wiki/Bloodbond
Poorjoy's Asylum/Replica,The Encroaching Darkness,8,Map (corrupted),Junk,
Poorjoy's Asylum/Replica,The Fiend,11,Headhunter (corrupted),Situational,https://www.poewiki.net/wiki/Headhunter
Poorjoy's Asylum/Replica,The Gambler,5,Divination Card,Meh,
Poorjoy's Asylum/Replica,The Last Supper,6,Bino's Kitchen Knife,Situational,https://www.poewiki.net/wiki/Bino%27s_Kitchen_Knife
Rerwitten Distant Memory,Her Mask,4,Sacrifice Fragment,Junk,
Rerwitten Distant Memory,The Encroaching Darkness,8,Map (corrupted),Junk,
Rerwitten Distant Memory,The Gambler,5,Divination Card,Meh,
Rerwitten Distant Memory,The Lord of Celebration,4,Sceptre of Celebration Shaper Item,Situational,
Rerwitten Distant Memory,The Trial,7,Map T15 (corrupted),Situational,
The Cowards Trial,Her Mask,4,Sacrifice Fragment,Junk,
The Cowards Trial,The Encroaching Darkness,8,Map (corrupted),Junk,
The Cowards Trial,The Forsaken,7,Umbilicus Immortalis,Situational,https://www.poewiki.net/wiki/Umbilicus_Immortalis
The Cowards Trial,The Gambler,5,Divination Card,Meh,
The Cowards Trial,The Wretched,6,Belt,Situational,
The Cowards Trial,The Rabbit's Foot,8,10x Incursion Vial,Situational,
The Putrid Cloister,The Encroaching Darkness,8,Map (corrupted),Junk,
The Putrid Cloister,The Gambler,5,Divination Card,Meh,
The Putrid Cloister,The Trial,7,Map T15 (corrupted),Situational,
The Twilight Temple,Dialla's Subjugation,7,Support Gem 23% Qual (corrupted),Situational,
The Twilight Temple,Haunting Shadows,4,Metamorph Item,Situational,
The Twilight Temple,The Encroaching Darkness,8,Map (corrupted),Junk,
The Twilight Temple,The Gambler,5,Divination Card,Meh,
The Twilight Temple,The Lunaris Priestess,5,Sire of Shards,Situational,https://www.poewiki.net/wiki/Sire_of_Shards
The Twilight Temple,The Sun,7,Rise of the Phoenix,Situational,https://www.poewiki.net/wiki/Rise_of_the_Phoenix
The Vinktar Square,Her Mask,4,Sacrifice Fragment,Junk,
The Vinktar Square,The Encroaching Darkness,8,Map (corrupted),Junk,
The Vinktar Square,The Gambler,5,Divination Card,Meh,
The Vaults of Atziri,Atziri's Arsenal,4,Weapon (corrupted),Situational,
The Vaults of Atziri,Her Mask,4,Sacrifice Fragment,Junk,
The Vaults of Atziri,The Adventuring Spirit,6,Victario's Influence,Situational,https://www.poewiki.net/wiki/Victario%27s_Influence
The Vaults of Atziri,The Cache,6,Jewellery,Situational,
The Vaults of Atziri,The Catalyst,3,1x Vaal Orb,Situational,
The Vaults of Atziri,The Damned,6,Soul Ripper,Situational,https://www.poewiki.net/wiki/Soul_Ripper
The Vaults of Atziri,The Encroaching Darkness,8,Map (corrupted),Junk,
The Vaults of Atziri,The Gambler,5,Divination Card,Meh,
The Vaults of Atziri,The Hoarder,12,Exalted Orb,Situational,
The Vaults of Atziri,The Inventor,6,10x Vaal Orb,Situational,
The Vaults of Atziri,The Opulent,5,Ring iLvl 100,Situational,
The Vaults of Atziri,The Queen,16,Atziri's Acuity,Situational,https://www.poewiki.net/wiki/Atziri%27s_Acuity
Phantasmagoria,The Doctor,8,Headhunter,GodTier,https://www.poewiki.net/wiki/Headhunter
Sepulchre,The Doctor,8,Headhunter,GodTier,https://www.poewiki.net/wiki/Headhunter
The Putrid Cloister,The Doctor,8,Headhunter,GodTier,https://www.poewiki.net/wiki/Headhunter
Waste Pool,The Doctor,8,Headhunter,GodTier,https://www.poewiki.net/wiki/Headhunter
Palace,The Dapper Prodigy,6,6L Body Armour ILVL 100,UsefulAF,
Residence,The Sephirot,11,10x Divine Orb,UsefulAF,
Crystal Ore,Immortal Resolve,6,Six-Linked Body Armour Influenced Item,UsefulAF,
Overgrown Ruin,The Wedding Gift,2,Arakaali's Fang,UsefulAF,
Core,Broken Promises,2,Diamond Ring ilvl 87 Two-Implicit Synthesised,UsefulAF,
Cold River,Wealth and Power,11,Level 4 Enlighten,UsefulAF,
Moon Temple,Wealth and Power,11,Level 4 Enlighten,UsefulAF,
Belfry,The Enlightened,6,L3 Enlighten,UsefulAF,
Cells,The Chains That Bind,11,6L Body Armor,UsefulAF,
Pen,The Chains That Bind,11,6L Body Armor,UsefulAF,
Vaal Pyramid Map,Arrogance of the Vaal,8,Item Two Implicit (corrupted),Situational,
Sepulchre,The Brawny Battle Mage,5,Merciless Tornado Wand ILVL 100,Meh,
Waste Pool,The Brawny Battle Mage,5,Merciless Tornado Wand ILVL 100,Meh,
Phantasmagoria,The Brawny Battle Mage,5,Merciless Tornado Wand ILVL 100,Meh,
Sepulchre,The Incantation,4,The Whispering Ice,Situational,https://www.poewiki.net/wiki/The_Whispering_Ice
Waste Pool,The Incantation,4,The Whispering Ice,Situational,https://www.poewiki.net/wiki/The_Whispering_Ice
Phantasmagoria,The Incantation,4,The Whispering Ice,Situational,https://www.poewiki.net/wiki/The_Whispering_Ice
Sepulchre,The Witch,8,Kiara's Determination,Situational,https://www.poewiki.net/wiki/Kiara%27s_Determination
Waste Pool,The Witch,8,Kiara's Determination,Situational,https://www.poewiki.net/wiki/Kiara%27s_Determination
Phantasmagoria,The Witch,8,Kiara's Determination,Situational,https://www.poewiki.net/wiki/Kiara%27s_Determination
Residence Map,The Conduit,9,Doryani's Fist,Situational,